Customer_ID,Customer_Name,City,Customer_Type
C001,Customer01,Etobicoke,Manufacturer
C002,Customer02,Brampton,Manufacturer
C003,Customer03,Etobicoke,Distributor
C004,Customer04,Vaughan,Warehouse
C005,Customer05,Markham,Distributor
C006,Customer06,Markham,Distributor
C007,Customer07,Etobicoke,Retailer
C008,Customer08,Brampton,Distributor
C009,Customer09,Oakville,Warehouse
C010,Customer10,Markham,Retailer
C011,Customer11,Etobicoke,Retailer
C012,Customer12,Markham,Manufacturer
C013,Customer13,Brampton,Warehouse
C014,Customer14,Mississauga,Manufacturer
C015,Customer15,Etobicoke,Retailer
C016,Customer16,Toronto,Warehouse
C017,Customer17,Etobicoke,Manufacturer
C018,Customer18,Scarborough,Distributor
C019,Customer19,Brampton,Distributor
C020,Customer20,Markham,Warehouse
C021,Customer21,Etobicoke,Warehouse
C022,Customer22,Toronto,Manufacturer
C023,Customer23,Etobicoke,Distributor
C024,Customer24,Toronto,Distributor
C025,Customer25,Mississauga,Manufacturer
C026,Customer26,Vaughan,Manufacturer
C027,Customer27,Markham,Distributor
C028,Customer28,Scarborough,Retailer
C029,Customer29,Vaughan,Warehouse
C030,Customer30,Markham,Retailer
