Pickup_ID,Customer_ID,Pickup_Date,Material,Weight_KG,Distance_KM,Pickup_Status
P001,C024,2026-08-19,PET,454,54,On Time
P002,C017,2026-12-11,PP,752,43,On Time
P003,C027,2026-12-17,Mixed,299,11,On Time
P004,C003,2026-09-04,Mixed,538,34,On Time
P005,C024,2026-04-23,LDPE,696,34,On Time
P006,C021,2026-06-23,PP,892,25,On Time
P007,C002,2026-09-27,PET,805,20,On Time
P008,C023,2026-12-13,PET,638,13,On Time
P009,C018,2026-01-07,HDPE,384,26,On Time
P010,C018,2026-01-15,Mixed,715,38,On Time
P011,C007,2026-11-06,PP,500,9,On Time
P012,C011,2026-08-16,HDPE,224,16,On Time
P013,C012,2026-02-07,PP,931,32,On Time
P014,C007,2026-12-17,Mixed,867,29,On Time
P015,C010,2026-09-07,PP,1049,55,On Time
P016,C024,2026-11-21,PP,481,6,On Time
P017,C026,2026-10-25,HDPE,1002,34,Late
P018,C007,2026-12-08,PET,656,24,On Time
P019,C022,2026-12-16,HDPE,713,50,On Time
P020,C008,2026-01-08,PP,566,57,On Time
P021,C018,2026-07-01,Mixed,994,50,On Time
P022,C003,2026-01-09,PP,497,17,Late
P023,C013,2026-12-10,PP,505,14,Late
P024,C024,2026-09-30,PP,706,10,On Time
P025,C001,2026-12-11,PET,688,19,On Time
P026,C025,2026-07-08,PET,584,10,On Time
P027,C025,2026-02-01,HDPE,465,6,On Time
P028,C008,2026-07-29,PET,582,14,On Time
P029,C001,2026-01-15,PP,1146,32,Late
P030,C022,2026-06-07,Mixed,208,31,On Time
P031,C015,2026-09-29,PP,920,10,Late
P032,C018,2026-03-14,PP,884,18,On Time
P033,C025,2026-06-23,HDPE,782,38,On Time
P034,C015,2026-10-04,Mixed,1124,27,On Time
P035,C026,2026-05-14,PP,835,20,On Time
P036,C005,2026-12-24,PP,925,32,On Time
P037,C009,2026-02-19,PP,845,20,On Time
P038,C020,2026-06-24,PET,574,31,On Time
P039,C012,2026-03-07,PP,280,53,On Time
P040,C014,2026-04-29,PET,1166,45,On Time
P041,C006,2026-05-03,PET,683,33,On Time
P042,C019,2026-06-07,HDPE,705,54,On Time
P043,C015,2026-08-10,Mixed,348,18,Late
P044,C004,2026-06-16,LDPE,445,8,On Time
P045,C018,2026-03-22,HDPE,972,22,Late
P046,C023,2026-06-14,LDPE,1110,16,Late
P047,C020,2026-10-07,HDPE,719,33,On Time
P048,C022,2026-09-13,LDPE,459,43,On Time
P049,C007,2026-03-14,PP,862,20,On Time
P050,C012,2026-02-06,Mixed,562,38,On Time
P051,C014,2026-10-07,Mixed,1080,38,On Time
P052,C022,2026-09-14,PP,502,35,On Time
P053,C003,2026-10-11,HDPE,1132,45,On Time
P054,C015,2026-07-18,PP,696,45,On Time
P055,C028,2026-03-10,Mixed,905,34,On Time
P056,C009,2026-04-13,PP,363,16,On Time
P057,C010,2026-08-28,HDPE,390,25,Late
P058,C003,2026-11-18,LDPE,569,29,On Time
P059,C026,2026-03-15,Mixed,1166,11,On Time
P060,C008,2026-07-07,LDPE,770,40,On Time
P061,C009,2026-03-10,LDPE,804,35,On Time
P062,C013,2026-08-22,HDPE,516,14,Late
P063,C022,2026-03-24,PP,364,42,On Time
P064,C019,2026-09-15,PET,1124,53,On Time
P065,C028,2026-08-07,HDPE,830,34,On Time
P066,C011,2026-05-12,PET,683,19,On Time
P067,C004,2026-10-03,HDPE,529,57,On Time
P068,C005,2026-11-28,HDPE,683,60,On Time
P069,C017,2026-09-12,Mixed,933,10,On Time
P070,C011,2026-07-24,PET,672,34,On Time
P071,C012,2026-04-06,LDPE,1054,50,On Time
P072,C010,2026-05-07,Mixed,1106,10,On Time
P073,C011,2026-06-04,PET,641,52,On Time
P074,C005,2026-10-10,PP,285,8,On Time
P075,C018,2026-09-30,Mixed,801,15,On Time
P076,C021,2026-03-06,HDPE,1086,54,Late
P077,C012,2026-06-17,PET,780,43,On Time
P078,C004,2026-11-16,HDPE,206,47,On Time
P079,C024,2026-09-14,LDPE,1158,32,On Time
P080,C015,2026-07-24,Mixed,944,51,On Time
P081,C026,2026-04-18,HDPE,752,50,On Time
P082,C015,2026-11-15,PET,669,14,On Time
P083,C005,2026-01-10,Mixed,938,14,On Time
P084,C024,2026-07-03,LDPE,894,59,On Time
P085,C019,2026-08-24,PET,839,55,Late
P086,C005,2026-05-05,PP,486,9,On Time
P087,C022,2026-02-01,Mixed,570,46,On Time
P088,C002,2026-08-07,PET,284,14,On Time
P089,C011,2026-08-06,Mixed,1171,12,On Time
P090,C010,2026-05-12,PET,409,53,Late
P091,C022,2026-12-04,Mixed,425,41,On Time
P092,C003,2026-04-01,HDPE,373,47,On Time
P093,C008,2026-09-01,PET,865,52,On Time
P094,C019,2026-09-22,PP,849,45,Late
P095,C017,2026-06-16,LDPE,1187,37,On Time
P096,C006,2026-01-26,HDPE,841,23,On Time
P097,C019,2026-11-21,PP,890,43,Late
P098,C016,2026-11-27,Mixed,639,31,On Time
P099,C017,2026-11-05,LDPE,737,45,On Time
P100,C001,2026-06-04,PP,822,41,Late
P101,C007,2026-12-17,LDPE,593,54,On Time
P102,C009,2026-01-05,LDPE,311,18,On Time
P103,C027,2026-07-31,PP,761,10,On Time
P104,C017,2026-07-24,HDPE,332,25,Late
P105,C011,2026-11-01,PP,959,5,Late
P106,C018,2026-11-03,HDPE,678,28,Late
P107,C010,2026-10-24,Mixed,705,24,On Time
P108,C023,2026-11-14,HDPE,1083,48,On Time
P109,C026,2026-10-04,Mixed,1113,8,On Time
P110,C030,2026-09-15,LDPE,382,38,On Time
P111,C009,2026-04-04,LDPE,1087,8,On Time
P112,C030,2026-08-13,LDPE,786,30,On Time
P113,C022,2026-12-17,PP,1004,25,On Time
P114,C006,2026-10-08,LDPE,373,31,On Time
P115,C008,2026-01-10,HDPE,901,33,On Time
P116,C003,2026-01-26,PP,988,33,On Time
P117,C026,2026-10-06,PP,993,33,On Time
P118,C024,2026-04-01,Mixed,1068,31,On Time
P119,C001,2026-12-16,PET,459,26,On Time
P120,C026,2026-02-01,LDPE,265,17,Late
P121,C010,2026-05-11,HDPE,542,12,On Time
P122,C023,2026-04-27,Mixed,848,54,On Time
P123,C004,2026-06-14,HDPE,947,51,Late
P124,C006,2026-06-22,PET,700,5,On Time
P125,C009,2026-05-19,Mixed,1023,37,On Time
P126,C004,2026-04-27,HDPE,1141,56,On Time
P127,C017,2026-02-13,HDPE,283,35,Late
P128,C007,2026-04-15,PET,435,54,On Time
P129,C014,2026-04-26,PP,761,6,On Time
P130,C013,2026-10-02,HDPE,1061,41,On Time
P131,C029,2026-01-17,PET,836,33,On Time
P132,C028,2026-08-03,LDPE,898,25,On Time
P133,C022,2026-10-03,PET,587,59,On Time
P134,C027,2026-01-12,HDPE,1155,30,On Time
P135,C009,2026-06-05,LDPE,649,50,On Time
P136,C008,2026-02-26,PP,1185,46,On Time
P137,C013,2026-07-09,LDPE,532,15,On Time
P138,C023,2026-04-16,HDPE,655,9,On Time
P139,C007,2026-06-13,PP,585,10,On Time
P140,C009,2026-02-07,LDPE,567,22,On Time
P141,C026,2026-08-23,Mixed,1059,51,On Time
P142,C030,2026-11-23,LDPE,200,15,On Time
P143,C028,2026-06-04,PET,607,29,Late
P144,C017,2026-11-20,PP,1013,6,Late
P145,C018,2026-09-02,LDPE,1065,51,On Time
P146,C015,2026-12-07,LDPE,571,58,On Time
P147,C006,2026-08-25,HDPE,333,54,On Time
P148,C029,2026-12-14,HDPE,710,11,On Time
P149,C010,2026-01-12,PP,780,57,On Time
P150,C018,2026-01-27,PP,888,6,On Time
P151,C022,2026-10-29,Mixed,1009,42,On Time
P152,C012,2026-12-08,PET,653,29,Late
P153,C023,2026-10-16,HDPE,304,52,Late
P154,C022,2026-04-30,LDPE,1074,56,On Time
P155,C022,2026-12-16,HDPE,964,28,On Time
P156,C006,2026-06-01,PET,611,58,On Time
P157,C002,2026-10-02,Mixed,322,20,On Time
P158,C016,2026-10-25,PP,631,60,On Time
P159,C028,2026-03-14,PET,835,15,On Time
P160,C015,2026-02-10,PET,630,33,On Time
P161,C014,2026-10-19,PP,789,23,On Time
P162,C005,2026-09-09,HDPE,848,44,On Time
P163,C012,2026-07-31,Mixed,337,58,On Time
P164,C022,2026-11-21,PP,869,22,On Time
P165,C023,2026-06-19,Mixed,963,6,On Time
P166,C026,2026-08-03,PET,455,32,On Time
P167,C025,2026-08-16,HDPE,497,44,On Time
P168,C016,2026-03-09,PET,518,32,On Time
P169,C022,2026-12-02,HDPE,934,16,On Time
P170,C023,2026-11-12,HDPE,1083,48,On Time
P171,C018,2026-12-27,PET,730,8,Late
P172,C004,2026-05-22,PP,905,39,On Time
P173,C006,2026-03-23,Mixed,789,56,On Time
P174,C026,2026-11-25,PP,911,14,On Time
P175,C023,2026-08-17,PET,488,36,On Time
P176,C019,2026-06-07,LDPE,1053,35,On Time
P177,C022,2026-10-05,PET,1017,44,On Time
P178,C026,2026-05-08,HDPE,640,32,On Time
P179,C019,2026-03-10,Mixed,976,43,On Time
P180,C016,2026-08-02,PET,976,54,Late
P181,C030,2026-05-10,PET,819,14,On Time
P182,C028,2026-03-01,LDPE,258,22,On Time
P183,C012,2026-05-30,PET,400,23,On Time
P184,C008,2026-04-27,PET,352,55,On Time
P185,C004,2026-08-07,LDPE,697,34,On Time
P186,C026,2026-06-11,PET,265,12,On Time
P187,C010,2026-10-28,PP,206,8,On Time
P188,C028,2026-08-20,PP,352,60,On Time
P189,C004,2026-04-02,HDPE,803,39,On Time
P190,C026,2026-11-20,LDPE,1038,40,On Time
P191,C010,2026-08-16,LDPE,1035,24,On Time
P192,C021,2026-12-08,PP,1012,19,On Time
P193,C014,2026-01-16,LDPE,595,14,On Time
P194,C006,2026-01-15,PP,941,12,Late
P195,C022,2026-09-25,LDPE,544,37,On Time
P196,C001,2026-01-31,HDPE,1118,14,On Time
P197,C026,2026-08-28,Mixed,1003,60,On Time
P198,C009,2026-03-08,HDPE,265,36,On Time
P199,C005,2026-05-30,HDPE,1131,46,On Time
P200,C006,2026-06-26,PP,1054,9,On Time
P201,C007,2026-05-28,HDPE,1013,25,On Time
P202,C009,2026-04-28,PP,522,48,On Time
P203,C021,2026-12-31,Mixed,636,24,On Time
P204,C003,2026-05-08,PET,831,32,On Time
P205,C007,2026-04-15,PP,398,53,On Time
P206,C008,2026-07-15,Mixed,1046,39,On Time
P207,C010,2026-08-28,LDPE,498,7,On Time
P208,C011,2026-07-01,LDPE,1183,16,On Time
P209,C007,2026-11-28,LDPE,467,57,Late
P210,C023,2026-06-21,LDPE,945,27,On Time
P211,C003,2026-12-04,PP,1198,51,Late
P212,C018,2026-09-25,PP,919,60,On Time
P213,C013,2026-02-03,PET,246,13,On Time
P214,C003,2026-12-23,PP,211,52,Late
P215,C023,2026-08-21,Mixed,1174,11,On Time
P216,C007,2026-08-04,PET,1174,15,On Time
P217,C024,2026-09-12,PET,1187,7,On Time
P218,C018,2026-04-07,PET,866,10,Late
P219,C015,2026-02-08,Mixed,660,11,On Time
P220,C028,2026-11-23,Mixed,433,39,On Time
P221,C011,2026-06-28,PET,258,38,On Time
P222,C030,2026-05-03,PET,765,24,On Time
P223,C025,2026-05-03,LDPE,260,31,On Time
P224,C030,2026-09-26,PET,771,48,On Time
P225,C025,2026-06-15,Mixed,672,23,Late
P226,C019,2026-08-20,HDPE,1114,22,On Time
P227,C002,2026-03-10,HDPE,852,7,Late
P228,C020,2026-08-06,Mixed,1167,28,On Time
P229,C027,2026-09-25,HDPE,983,54,On Time
P230,C007,2026-11-12,LDPE,705,35,On Time
P231,C016,2026-01-29,PP,690,26,On Time
P232,C019,2026-08-19,PP,286,37,On Time
P233,C020,2026-06-27,HDPE,490,22,On Time
P234,C019,2026-04-29,PET,1083,44,On Time
P235,C001,2026-11-17,PP,747,9,On Time
P236,C015,2026-12-31,PET,653,45,On Time
P237,C025,2026-01-12,PET,743,36,On Time
P238,C029,2026-07-02,LDPE,732,10,On Time
P239,C005,2026-10-16,LDPE,1046,23,On Time
P240,C026,2026-11-16,Mixed,1023,16,Late
P241,C022,2026-07-07,Mixed,765,24,On Time
P242,C017,2026-07-23,HDPE,438,8,On Time
P243,C003,2026-11-11,Mixed,1008,55,On Time
P244,C004,2026-08-02,PP,639,14,On Time
P245,C011,2026-08-08,PP,519,19,On Time
P246,C024,2026-06-08,PET,529,14,On Time
P247,C001,2026-04-15,HDPE,681,60,On Time
P248,C018,2026-11-14,HDPE,404,55,On Time
P249,C013,2026-04-29,HDPE,785,29,On Time
P250,C014,2026-03-19,PP,1190,35,On Time
P251,C004,2026-01-08,HDPE,1031,39,On Time
P252,C011,2026-07-14,HDPE,704,49,On Time
P253,C019,2026-12-03,Mixed,428,20,On Time
P254,C019,2026-01-11,PP,523,48,On Time
P255,C030,2026-05-09,HDPE,724,47,On Time
P256,C005,2026-11-18,PP,1058,6,Late
P257,C009,2026-11-10,Mixed,607,21,On Time
P258,C014,2026-05-08,PP,821,42,On Time
P259,C027,2026-08-27,PET,1052,11,Late
P260,C028,2026-10-20,Mixed,287,26,On Time
P261,C008,2026-04-25,Mixed,329,29,On Time
P262,C015,2026-01-11,LDPE,1083,47,On Time
P263,C017,2026-08-31,PET,965,24,Late
P264,C029,2026-04-19,HDPE,885,20,On Time
P265,C024,2026-09-20,PET,1165,56,On Time
P266,C012,2026-12-07,PP,205,7,On Time
P267,C016,2026-12-04,HDPE,485,22,On Time
P268,C030,2026-05-31,LDPE,517,25,On Time
P269,C005,2026-08-03,HDPE,889,53,On Time
P270,C027,2026-07-05,Mixed,640,56,On Time
P271,C022,2026-04-27,PP,872,53,On Time
P272,C014,2026-09-21,Mixed,1180,53,Late
P273,C025,2026-09-14,LDPE,1102,15,On Time
P274,C014,2026-04-18,Mixed,527,39,On Time
P275,C012,2026-07-23,Mixed,787,22,On Time
P276,C018,2026-08-01,LDPE,1171,28,On Time
P277,C010,2026-07-18,Mixed,349,24,On Time
P278,C010,2026-12-11,PET,394,54,On Time
P279,C022,2026-05-10,HDPE,916,44,On Time
P280,C002,2026-01-15,PP,805,22,On Time
P281,C007,2026-10-02,PP,816,21,On Time
P282,C026,2026-11-24,PET,1078,5,On Time
P283,C015,2026-08-02,PP,1058,27,On Time
P284,C006,2026-12-15,HDPE,464,22,On Time
P285,C018,2026-06-19,Mixed,970,40,On Time
P286,C017,2026-06-26,PET,391,13,On Time
P287,C009,2026-11-14,PET,235,28,On Time
P288,C030,2026-02-06,HDPE,506,8,On Time
P289,C019,2026-07-14,PP,659,55,On Time
P290,C007,2026-02-22,PET,481,52,On Time
P291,C007,2026-05-01,LDPE,1077,44,On Time
P292,C004,2026-10-15,PP,215,27,On Time
P293,C018,2026-04-09,LDPE,829,48,On Time
P294,C023,2026-10-10,LDPE,376,39,On Time
P295,C010,2026-10-12,Mixed,1154,50,Late
P296,C001,2026-01-16,HDPE,1185,55,On Time
P297,C016,2026-04-07,Mixed,370,29,On Time
P298,C012,2026-01-10,HDPE,230,36,On Time
P299,C027,2026-09-20,Mixed,920,23,On Time
P300,C030,2026-10-25,LDPE,400,20,On Time
P301,C030,2026-08-10,PET,354,29,On Time
P302,C026,2026-01-26,HDPE,563,13,On Time
P303,C003,2026-04-22,PP,268,23,On Time
P304,C002,2026-01-02,PP,865,13,On Time
P305,C025,2026-01-30,PET,1008,16,On Time
P306,C001,2026-02-15,HDPE,882,24,On Time
P307,C030,2026-01-21,LDPE,591,44,On Time
P308,C027,2026-06-08,LDPE,207,19,On Time
P309,C013,2026-08-22,LDPE,905,53,On Time
P310,C024,2026-07-12,PET,258,60,Late
P311,C023,2026-04-25,LDPE,470,36,On Time
P312,C025,2026-11-02,LDPE,807,22,On Time
P313,C026,2026-11-16,PP,245,55,On Time
P314,C005,2026-07-28,Mixed,1195,60,On Time
P315,C007,2026-07-02,LDPE,475,18,On Time
P316,C002,2026-06-01,LDPE,394,32,On Time
P317,C028,2026-08-02,PET,997,49,Late
P318,C013,2026-12-07,PP,324,25,On Time
P319,C015,2026-04-22,PET,284,60,On Time
P320,C003,2026-06-24,Mixed,1000,7,On Time
P321,C027,2026-09-19,PP,887,11,On Time
P322,C003,2026-05-13,LDPE,583,47,On Time
P323,C002,2026-10-16,PP,464,23,On Time
P324,C011,2026-04-11,Mixed,817,12,On Time
P325,C005,2026-09-16,PP,256,49,On Time
P326,C019,2026-05-04,PET,594,48,On Time
P327,C028,2026-09-22,LDPE,433,29,On Time
P328,C029,2026-09-07,HDPE,506,6,On Time
P329,C019,2026-02-24,HDPE,485,23,On Time
P330,C005,2026-05-09,LDPE,464,30,On Time
P331,C004,2026-05-02,LDPE,1148,54,On Time
P332,C015,2026-04-13,Mixed,941,12,On Time
P333,C005,2026-09-10,Mixed,274,14,On Time
P334,C018,2026-05-08,Mixed,598,23,On Time
P335,C025,2026-01-29,Mixed,1035,57,On Time
P336,C022,2026-04-21,Mixed,410,15,On Time
P337,C015,2026-03-29,PP,1193,16,On Time
P338,C005,2026-08-17,PP,342,5,On Time
P339,C027,2026-04-19,Mixed,222,28,On Time
P340,C020,2026-12-07,PP,622,20,On Time
P341,C029,2026-01-09,Mixed,270,51,On Time
P342,C002,2026-04-17,LDPE,942,14,Late
P343,C025,2026-05-19,LDPE,712,30,On Time
P344,C025,2026-07-24,PET,568,21,On Time
P345,C020,2026-05-09,Mixed,1052,34,Late
P346,C023,2026-10-03,Mixed,426,30,On Time
P347,C010,2026-05-24,Mixed,586,54,On Time
P348,C027,2026-12-20,LDPE,877,26,On Time
P349,C027,2026-11-20,PP,996,22,On Time
P350,C008,2026-07-03,LDPE,793,15,On Time
P351,C020,2026-03-22,LDPE,681,59,On Time
P352,C025,2026-09-14,HDPE,827,19,On Time
P353,C030,2026-09-24,LDPE,314,57,On Time
P354,C003,2026-04-14,Mixed,1054,23,On Time
P355,C004,2026-02-02,LDPE,267,20,On Time
P356,C018,2026-07-15,HDPE,528,14,On Time
P357,C010,2026-05-01,PET,537,41,On Time
P358,C018,2026-03-25,Mixed,877,32,On Time
P359,C026,2026-01-29,LDPE,211,50,On Time
P360,C003,2026-06-12,Mixed,715,15,On Time
P361,C019,2026-05-12,HDPE,1017,15,On Time
P362,C017,2026-05-27,Mixed,866,10,Late
P363,C020,2026-08-28,PP,695,5,On Time
P364,C024,2026-06-15,PP,615,38,On Time
P365,C009,2026-11-07,PP,1106,13,On Time
P366,C004,2026-02-23,LDPE,488,38,On Time
P367,C001,2026-11-26,HDPE,977,42,On Time
P368,C025,2026-11-13,HDPE,1018,5,On Time
P369,C001,2026-08-27,Mixed,991,21,Late
P370,C012,2026-09-16,PET,958,48,Late
P371,C024,2026-12-03,PP,763,18,On Time
P372,C005,2026-08-13,HDPE,342,13,On Time
P373,C021,2026-05-18,PP,212,42,On Time
P374,C013,2026-09-13,Mixed,449,21,On Time
P375,C010,2026-07-18,HDPE,512,31,On Time
P376,C026,2026-11-06,PP,408,14,On Time
P377,C008,2026-10-23,PP,300,40,On Time
P378,C004,2026-01-01,Mixed,969,15,On Time
P379,C027,2026-05-16,Mixed,832,49,On Time
P380,C017,2026-08-04,LDPE,1069,52,On Time
P381,C011,2026-05-28,Mixed,1019,12,On Time
P382,C011,2026-05-08,HDPE,238,7,On Time
P383,C019,2026-03-22,PP,310,9,On Time
P384,C027,2026-11-12,HDPE,1049,32,On Time
P385,C030,2026-01-01,PET,437,59,On Time
P386,C009,2026-01-22,PET,269,21,On Time
P387,C022,2026-05-02,PP,629,47,On Time
P388,C027,2026-11-20,Mixed,1117,35,On Time
P389,C024,2026-05-25,HDPE,279,60,On Time
P390,C019,2026-06-04,PET,612,48,On Time
P391,C007,2026-04-28,PP,786,28,Late
P392,C005,2026-07-06,HDPE,959,14,On Time
P393,C007,2026-01-25,Mixed,466,24,On Time
P394,C012,2026-01-13,HDPE,394,5,On Time
P395,C019,2026-01-05,LDPE,1054,19,On Time
P396,C030,2026-11-29,Mixed,557,58,Late
P397,C010,2026-06-06,PET,588,52,On Time
P398,C011,2026-12-22,HDPE,990,5,Late
P399,C027,2026-07-09,HDPE,410,38,On Time
P400,C009,2026-03-26,Mixed,228,30,On Time
P401,C020,2026-03-22,PET,885,32,Late
P402,C014,2026-10-03,Mixed,1117,15,On Time
P403,C016,2026-06-09,HDPE,1058,44,On Time
P404,C024,2026-06-29,PET,987,53,On Time
P405,C016,2026-11-11,PP,551,54,On Time
P406,C002,2026-10-03,PP,913,55,On Time
P407,C026,2026-05-07,LDPE,868,5,Late
P408,C030,2026-12-21,PET,778,6,On Time
P409,C012,2026-04-23,Mixed,1056,53,On Time
P410,C024,2026-05-06,LDPE,720,31,On Time
P411,C028,2026-06-22,Mixed,389,16,On Time
P412,C024,2026-02-02,PP,1191,19,On Time
P413,C025,2026-02-24,PET,965,57,On Time
P414,C008,2026-02-14,PP,509,47,On Time
P415,C019,2026-08-07,HDPE,773,35,On Time
P416,C024,2026-11-27,PET,1126,23,On Time
P417,C008,2026-08-15,HDPE,1166,35,On Time
P418,C002,2026-12-19,PET,964,30,On Time
P419,C001,2026-08-03,HDPE,990,5,On Time
P420,C006,2026-09-08,PET,762,27,On Time
P421,C025,2026-09-20,LDPE,797,49,On Time
P422,C007,2026-07-12,HDPE,295,45,On Time
P423,C012,2026-11-08,LDPE,479,41,On Time
P424,C001,2026-07-26,LDPE,436,34,On Time
P425,C017,2026-01-07,PP,337,53,On Time
P426,C014,2026-05-15,PET,985,25,Late
P427,C006,2026-08-02,Mixed,633,16,On Time
P428,C025,2026-08-08,PET,606,49,On Time
P429,C023,2026-04-08,PET,714,55,On Time
P430,C006,2026-03-09,PP,637,39,Late
P431,C021,2026-07-06,HDPE,781,38,Late
P432,C027,2026-04-03,PET,784,5,On Time
P433,C009,2026-05-11,PET,932,54,On Time
P434,C029,2026-11-26,HDPE,418,60,On Time
P435,C023,2026-12-19,PP,585,5,On Time
P436,C016,2026-07-16,LDPE,572,34,On Time
P437,C028,2026-12-08,PP,672,51,On Time
P438,C012,2026-09-25,PP,721,47,On Time
P439,C019,2026-10-20,HDPE,746,56,Late
P440,C014,2026-04-26,HDPE,945,49,On Time
P441,C014,2026-05-25,PET,1062,46,On Time
P442,C029,2026-07-09,PP,706,41,On Time
P443,C012,2026-10-29,Mixed,507,31,On Time
P444,C003,2026-10-23,PP,554,6,On Time
P445,C019,2026-02-09,PP,397,27,On Time
P446,C028,2026-02-04,LDPE,505,51,On Time
P447,C002,2026-05-12,Mixed,896,44,On Time
P448,C015,2026-10-26,PET,1156,52,On Time
P449,C027,2026-04-04,LDPE,994,52,On Time
P450,C016,2026-10-27,HDPE,315,27,On Time
P451,C005,2026-12-01,LDPE,503,57,On Time
P452,C019,2026-11-26,PP,312,59,Late
P453,C011,2026-05-18,HDPE,248,54,On Time
P454,C007,2026-03-22,Mixed,304,49,On Time
P455,C009,2026-04-08,HDPE,824,40,On Time
P456,C018,2026-08-11,LDPE,740,56,On Time
P457,C013,2026-01-26,HDPE,531,48,On Time
P458,C011,2026-07-28,PP,1137,21,On Time
P459,C017,2026-12-14,LDPE,1140,11,On Time
P460,C030,2026-09-07,HDPE,257,35,On Time
P461,C029,2026-08-07,PET,315,19,On Time
P462,C002,2026-09-04,PET,847,60,On Time
P463,C001,2026-09-09,LDPE,418,15,On Time
P464,C008,2026-01-06,Mixed,233,49,On Time
P465,C019,2026-07-14,HDPE,299,43,Late
P466,C018,2026-10-17,PET,1133,49,On Time
P467,C028,2026-06-17,Mixed,957,57,On Time
P468,C020,2026-02-09,LDPE,224,57,On Time
P469,C022,2026-05-01,LDPE,267,27,On Time
P470,C001,2026-11-26,HDPE,497,11,On Time
P471,C016,2026-07-15,LDPE,424,18,On Time
P472,C025,2026-06-20,HDPE,1068,20,On Time
P473,C001,2026-11-03,PP,267,11,On Time
P474,C010,2026-03-23,HDPE,1178,20,On Time
P475,C009,2026-12-02,LDPE,490,35,Late
P476,C015,2026-08-08,PET,657,19,Late
P477,C007,2026-03-05,HDPE,467,12,On Time
P478,C023,2026-10-30,PET,761,49,On Time
P479,C001,2026-04-21,PET,1179,42,On Time
P480,C010,2026-05-10,PP,733,39,On Time
P481,C014,2026-06-13,Mixed,351,58,On Time
P482,C015,2026-09-12,HDPE,949,6,On Time
P483,C002,2026-08-16,HDPE,810,29,On Time
P484,C004,2026-03-02,PET,656,47,On Time
P485,C018,2026-07-23,PET,254,11,On Time
P486,C002,2026-06-23,HDPE,807,49,On Time
P487,C021,2026-03-31,LDPE,800,10,Late
P488,C013,2026-03-03,HDPE,270,15,On Time
P489,C011,2026-09-26,PET,688,46,On Time
P490,C005,2026-01-02,PET,806,13,Late
P491,C017,2026-05-20,LDPE,309,19,On Time
P492,C025,2026-07-13,LDPE,602,15,Late
P493,C020,2026-06-02,PET,516,31,On Time
P494,C022,2026-12-28,PET,867,6,On Time
P495,C012,2026-01-06,Mixed,481,43,On Time
P496,C009,2026-07-16,HDPE,382,39,Late
P497,C005,2026-10-22,LDPE,206,40,On Time
P498,C010,2026-02-22,LDPE,322,19,On Time
P499,C005,2026-09-12,PET,905,43,On Time
P500,C018,2026-09-18,Mixed,490,37,On Time
