Batch_ID,Batch_Date,Material,Machine,Input_KG,Processing_Time_HR,Output_KG,Yield,Throughput_KG/HR
B001,2026-12-17,Mixed,Washer 1,754,5.83,573,0.7599469496021221,98.28473413379074
B002,2026-11-23,PET,Pelletizer 1,1438,7.17,1380,0.9596662030598053,192.46861924686192
B003,2026-05-22,LDPE,Pelletizer 1,1450,8.77,1247,0.86,142.18928164196123
B004,2026-02-12,PET,Shredder 1,1031,4.72,938,0.9097963142580019,198.72881355932205
B005,2026-05-11,LDPE,Sorter 1,1099,6.49,967,0.8798908098271155,148.9984591679507
B006,2026-11-05,PET,Shredder 2,837,4.41,812,0.970131421744325,184.12698412698413
B007,2026-05-20,PET,Pelletizer 1,934,4.81,869,0.930406852248394,180.66528066528068
B008,2026-03-26,HDPE,Pelletizer 1,1430,7.7,1316,0.9202797202797203,170.9090909090909
B009,2026-05-09,PP,Shredder 2,1306,7.54,1162,0.889739663093415,154.11140583554376
B010,2026-04-18,Mixed,Shredder 2,1296,9.5,1102,0.8503086419753086,116
B011,2026-05-16,PP,Pelletizer 1,1312,7.3,1168,0.8902439024390244,160
B012,2026-12-27,Mixed,Washer 1,1072,7.9,847,0.7901119402985075,107.21518987341771
B013,2026-09-20,PP,Washer 1,808,4.41,760,0.9405940594059405,172.33560090702946
B014,2026-09-09,Mixed,Shredder 1,802,6.39,674,0.8403990024937655,105.4773082942097
B015,2026-08-27,PET,Pelletizer 1,609,3.42,566,0.9293924466338259,165.49707602339183
B016,2026-06-10,PP,Washer 1,1446,7.84,1345,0.9301521438450899,171.5561224489796
B017,2026-09-27,LDPE,Pelletizer 1,1123,7.37,955,0.8504007123775601,129.57937584803256
B018,2026-06-06,Mixed,Shredder 1,1330,9.67,1064,0.8,110.03102378490176
B019,2026-04-20,Mixed,Pelletizer 1,1077,8.1,797,0.7400185701021356,98.39506172839506
B020,2026-07-17,HDPE,Sorter 1,1271,6.75,1118,0.8796223446105429,165.62962962962962
B021,2026-05-16,LDPE,Pelletizer 1,821,5.33,747,0.9098660170523751,140.1500938086304
B022,2026-12-18,LDPE,Shredder 1,509,3.5,468,0.9194499017681729,133.71428571428572
B023,2026-01-18,LDPE,Shredder 1,849,5.48,722,0.850412249705536,131.75182481751824
B024,2026-01-25,HDPE,Washer 1,743,3.9,661,0.8896366083445492,169.4871794871795
B025,2026-01-05,Mixed,Pelletizer 1,585,4.94,486,0.8307692307692308,98.38056680161942
B026,2026-10-06,Mixed,Washer 1,882,6.72,679,0.7698412698412699,101.04166666666667
B027,2026-03-21,PP,Pelletizer 1,902,5.4,803,0.8902439024390244,148.7037037037037
B028,2026-07-12,LDPE,Washer 1,779,4.99,701,0.8998716302952503,140.4809619238477
B029,2026-07-23,PET,Washer 1,1457,6.69,1340,0.9196980096087852,200.29895366218236
B030,2026-05-13,PP,Washer 1,689,4.25,641,0.93033381712627,150.8235294117647
B031,2026-08-21,PET,Shredder 1,594,3.13,535,0.9006734006734006,170.926517571885
B032,2026-11-10,PET,Pelletizer 1,1140,5.85,1083,0.95,185.12820512820514
B033,2026-11-08,HDPE,Shredder 2,869,4.37,799,0.9194476409666283,182.837528604119
B034,2026-06-17,Mixed,Pelletizer 1,1232,9.32,1010,0.8198051948051948,108.36909871244634
B035,2026-11-03,LDPE,Pelletizer 1,839,5.24,730,0.8700834326579261,139.31297709923663
B036,2026-01-21,PET,Washer 1,1004,5.34,974,0.9701195219123506,182.39700374531836
B037,2026-08-07,PP,Pelletizer 1,930,5.1,874,0.9397849462365592,171.37254901960785
B038,2026-03-15,Mixed,Washer 1,1012,7.59,779,0.7697628458498024,102.63504611330698
B039,2026-04-11,PP,Shredder 1,1258,7.24,1157,0.9197138314785374,159.80662983425415
B040,2026-09-03,PP,Pelletizer 1,901,5.28,838,0.93007769145394,158.71212121212122
B041,2026-01-08,PP,Shredder 1,561,3.62,511,0.910873440285205,141.16022099447514
B042,2026-01-13,PET,Sorter 1,807,4.25,751,0.9306071871127634,176.7058823529412
B043,2026-11-11,PET,Shredder 2,773,3.67,703,0.9094437257438551,191.55313351498637
B044,2026-06-02,Mixed,Washer 1,697,5.57,592,0.8493543758967002,106.28366247755834
B045,2026-01-19,PP,Shredder 2,669,3.67,609,0.9103139013452914,165.94005449591282
B046,2026-02-03,PP,Pelletizer 1,1170,6.55,1053,0.9,160.76335877862596
B047,2026-09-29,LDPE,Washer 1,605,3.91,526,0.8694214876033057,134.52685421994883
B048,2026-02-28,HDPE,Shredder 2,1031,5.47,938,0.9097963142580019,171.48080438756855
B049,2026-04-18,PP,Shredder 2,625,3.99,556,0.8896,139.34837092731829
B050,2026-05-30,LDPE,Shredder 2,518,3.58,466,0.8996138996138996,130.16759776536313
B051,2026-07-21,Mixed,Washer 1,1393,10.41,1156,0.8298636037329504,111.04707012487992
B052,2026-10-18,LDPE,Shredder 2,1280,7.55,1139,0.88984375,150.86092715231788
B053,2026-12-06,HDPE,Washer 1,1276,6.89,1199,0.9396551724137931,174.02031930333817
B054,2026-04-11,HDPE,Sorter 1,764,4.22,703,0.9201570680628273,166.58767772511848
B055,2026-05-21,LDPE,Shredder 2,977,6.46,879,0.8996929375639714,136.06811145510835
B056,2026-08-06,Mixed,Pelletizer 1,1372,10.03,988,0.7201166180758017,98.50448654037886
B057,2026-09-28,PP,Shredder 1,1312,6.93,1207,0.9199695121951219,174.17027417027418
B058,2026-08-26,PET,Shredder 1,796,4.19,724,0.9095477386934674,172.79236276849642
B059,2026-04-10,PP,Sorter 1,1124,6.7,978,0.8701067615658363,145.97014925373134
B060,2026-03-17,PP,Sorter 1,550,3.26,484,0.88,148.46625766871168
B061,2026-10-15,HDPE,Pelletizer 1,741,4.48,652,0.8798920377867746,145.53571428571428
B062,2026-07-11,Mixed,Shredder 1,821,6.21,599,0.7295980511571255,96.4573268921095
B063,2026-06-07,HDPE,Pelletizer 1,631,3.31,581,0.9207606973058637,175.5287009063444
B064,2026-12-05,Mixed,Washer 1,926,6.64,667,0.7203023758099352,100.45180722891567
B065,2026-06-25,LDPE,Washer 1,990,5.96,871,0.8797979797979798,146.14093959731542
B066,2026-08-18,LDPE,Washer 1,1115,7,992,0.8896860986547085,141.71428571428572
B067,2026-04-30,PP,Sorter 1,894,4.98,814,0.9105145413870246,163.45381526104416
B068,2026-10-18,PP,Pelletizer 1,1334,7.22,1201,0.9002998500749625,166.34349030470915
B069,2026-11-05,PP,Sorter 1,602,3.41,536,0.8903654485049833,157.18475073313783
B070,2026-06-13,Mixed,Sorter 1,1197,8.82,994,0.8304093567251462,112.6984126984127
B071,2026-05-02,Mixed,Washer 1,795,5.99,604,0.759748427672956,100.8347245409015
B072,2026-09-15,HDPE,Washer 1,1228,6.38,1130,0.9201954397394136,177.11598746081506
B073,2026-03-25,LDPE,Shredder 2,737,5.1,619,0.8398914518317503,121.37254901960785
B074,2026-10-28,HDPE,Pelletizer 1,577,3.52,514,0.8908145580589255,146.02272727272728
B075,2026-06-20,PET,Shredder 1,1398,6.62,1286,0.9198855507868383,194.25981873111783
B076,2026-02-09,Mixed,Sorter 1,515,3.74,412,0.8,110.16042780748663
B077,2026-05-19,PP,Shredder 2,1131,6.75,995,0.8797524314765695,147.40740740740742
B078,2026-08-09,PET,Washer 1,886,4.5,806,0.909706546275395,179.11111111111111
B079,2026-06-30,LDPE,Shredder 1,1424,8.95,1267,0.889747191011236,141.56424581005587
B080,2026-01-07,LDPE,Pelletizer 1,1041,6.64,874,0.8395773294908742,131.6265060240964
B081,2026-12-19,LDPE,Shredder 1,540,3.61,486,0.9,134.62603878116343
B082,2026-09-07,LDPE,Shredder 2,603,4,519,0.8606965174129353,129.75
B083,2026-03-01,LDPE,Washer 1,575,3.4,506,0.88,148.8235294117647
B084,2026-11-18,PET,Shredder 2,549,2.73,527,0.9599271402550091,193.04029304029305
B085,2026-06-26,Mixed,Pelletizer 1,808,6.57,695,0.8601485148514851,105.78386605783865
B086,2026-10-04,LDPE,Washer 1,1228,7.81,1081,0.8802931596091205,138.41229193341871
B087,2026-07-25,LDPE,Pelletizer 1,825,4.94,701,0.8496969696969697,141.90283400809716
B088,2026-05-18,HDPE,Pelletizer 1,745,4.34,693,0.9302013422818792,159.67741935483872
B089,2026-12-19,HDPE,Sorter 1,1364,7.07,1296,0.9501466275659824,183.3097595473833
B090,2026-05-02,Mixed,Pelletizer 1,743,5.56,535,0.7200538358008075,96.22302158273382
B091,2026-03-08,HDPE,Pelletizer 1,755,4.13,702,0.9298013245033112,169.97578692493948
B092,2026-07-02,PET,Shredder 1,539,3.17,490,0.9090909090909091,154.57413249211356
B093,2026-04-08,LDPE,Shredder 1,976,6.14,839,0.8596311475409836,136.64495114006516
B094,2026-09-13,PP,Shredder 2,1488,8.1,1339,0.8998655913978495,165.30864197530866
B095,2026-03-04,HDPE,Shredder 2,1047,5.9,942,0.8997134670487106,159.66101694915253
B096,2026-05-08,PP,Shredder 2,880,5.17,801,0.9102272727272728,154.9323017408124
B097,2026-03-16,HDPE,Shredder 1,648,3.7,590,0.9104938271604939,159.45945945945945
B098,2026-11-07,HDPE,Shredder 1,827,4.92,786,0.9504232164449818,159.7560975609756
B099,2026-04-03,PET,Shredder 2,1043,5.13,960,0.9204218600191755,187.1345029239766
B100,2026-02-28,PP,Shredder 2,1314,7.55,1196,0.9101978691019786,158.41059602649008
B101,2026-05-11,Mixed,Shredder 2,880,6.93,686,0.7795454545454545,98.98989898989899
B102,2026-08-23,PET,Shredder 1,1240,6.09,1166,0.9403225806451613,191.46141215106732
B103,2026-09-11,PP,Pelletizer 1,633,3.78,570,0.9004739336492891,150.7936507936508
B104,2026-11-21,HDPE,Shredder 1,1177,6.26,1095,0.9303313508920985,174.92012779552715
B105,2026-05-19,HDPE,Washer 1,981,5.15,863,0.8797145769622834,167.57281553398056
B106,2026-03-08,LDPE,Shredder 1,684,4.65,622,0.9093567251461988,133.76344086021504
B107,2026-12-26,HDPE,Pelletizer 1,1255,6.39,1192,0.949800796812749,186.5414710485133
B108,2026-03-20,LDPE,Sorter 1,550,3.84,506,0.92,131.77083333333334
B109,2026-11-13,HDPE,Shredder 2,638,3.96,561,0.8793103448275862,141.66666666666666
B110,2026-05-31,PET,Pelletizer 1,947,5.09,890,0.9398099260823654,174.85265225933202
B111,2026-07-31,PP,Washer 1,927,5.42,806,0.8694714131607335,148.70848708487085
B112,2026-08-23,LDPE,Pelletizer 1,1470,9.43,1250,0.8503401360544217,132.5556733828208
B113,2026-08-02,PP,Pelletizer 1,987,5.82,928,0.9402228976697061,159.45017182130584
B114,2026-02-26,PET,Pelletizer 1,1112,5.79,1012,0.9100719424460432,174.78411053540586
B115,2026-11-20,LDPE,Shredder 2,1205,7.36,1072,0.8896265560165975,145.65217391304347
B116,2026-09-25,Mixed,Washer 1,659,5.29,514,0.779969650986343,97.16446124763705
B117,2026-04-18,PP,Pelletizer 1,532,3.29,489,0.9191729323308271,148.6322188449848
B118,2026-02-26,LDPE,Washer 1,1125,7.36,945,0.84,128.39673913043478
B119,2026-08-26,HDPE,Shredder 2,513,2.92,482,0.9395711500974658,165.06849315068493
B120,2026-05-23,HDPE,Pelletizer 1,872,5.07,811,0.930045871559633,159.96055226824456
B121,2026-01-19,Mixed,Sorter 1,934,7.44,775,0.8297644539614561,104.16666666666666
B122,2026-07-10,PET,Shredder 2,1139,5.29,1048,0.9201053555750659,198.10964083175804
B123,2026-01-04,PET,Shredder 1,1121,5.73,1043,0.9304192685102587,182.02443280977312
B124,2026-12-14,PET,Sorter 1,1140,5.84,1049,0.9201754385964912,179.62328767123287
B125,2026-01-12,LDPE,Shredder 2,737,4.38,641,0.8697421981004071,146.34703196347033
B126,2026-03-20,LDPE,Pelletizer 1,982,6.57,835,0.8503054989816701,127.09284627092846
B127,2026-08-15,LDPE,Pelletizer 1,727,5.04,632,0.8693259972489684,125.39682539682539
B128,2026-04-21,PET,Pelletizer 1,1371,7,1234,0.900072939460248,176.28571428571428
B129,2026-09-19,HDPE,Shredder 1,644,3.44,573,0.889751552795031,166.56976744186048
B130,2026-09-07,Mixed,Pelletizer 1,1200,9.11,1032,0.86,113.28210757409441
B131,2026-06-08,HDPE,Pelletizer 1,674,3.43,600,0.8902077151335311,174.9271137026239
B132,2026-05-10,PP,Shredder 1,1194,6.54,1039,0.8701842546063652,158.868501529052
B133,2026-02-13,PET,Sorter 1,864,4.6,795,0.9201388888888888,172.82608695652175
B134,2026-04-18,PET,Shredder 1,1011,5.21,981,0.9703264094955489,188.29174664107487
B135,2026-02-18,Mixed,Washer 1,642,5.16,494,0.7694704049844237,95.73643410852713
B136,2026-05-29,PET,Shredder 1,1042,5.41,1011,0.9702495201535508,186.8761552680222
B137,2026-07-21,PP,Washer 1,925,4.92,805,0.8702702702702703,163.6178861788618
B138,2026-07-20,Mixed,Sorter 1,1006,7.83,795,0.790258449304175,101.53256704980843
B139,2026-04-06,PP,Washer 1,767,4.51,721,0.940026075619296,159.8669623059867
B140,2026-12-06,Mixed,Washer 1,1415,10.3,1118,0.7901060070671378,108.54368932038834
B141,2026-12-26,HDPE,Washer 1,873,5.05,821,0.9404352806414662,162.5742574257426
B142,2026-03-07,Mixed,Pelletizer 1,1141,8.56,924,0.8098159509202454,107.94392523364485
B143,2026-01-26,LDPE,Shredder 2,846,5.09,728,0.8605200945626478,143.0255402750491
B144,2026-01-01,HDPE,Shredder 2,508,2.95,467,0.9192913385826772,158.3050847457627
B145,2026-11-19,PP,Pelletizer 1,1018,5.5,926,0.9096267190569745,168.36363636363637
B146,2026-02-28,PP,Shredder 2,602,3.23,536,0.8903654485049833,165.94427244582045
B147,2026-02-02,PET,Washer 1,761,3.97,738,0.9697766097240473,185.89420654911837
B148,2026-11-15,LDPE,Pelletizer 1,1332,8.53,1172,0.8798798798798799,137.3974208675264
B149,2026-09-18,HDPE,Sorter 1,1495,8.14,1360,0.9096989966555183,167.07616707616705
B150,2026-01-24,LDPE,Pelletizer 1,882,5.9,811,0.9195011337868481,137.45762711864407
B151,2026-08-31,Mixed,Shredder 1,564,4.12,434,0.7695035460992907,105.33980582524272
B152,2026-10-05,Mixed,Washer 1,1279,9.28,1023,0.7998436278342455,110.23706896551725
B153,2026-05-23,PET,Shredder 2,829,4.13,771,0.9300361881785284,186.68280871670703
B154,2026-08-18,LDPE,Shredder 2,560,3.57,515,0.9196428571428571,144.2577030812325
B155,2026-09-11,PP,Sorter 1,1343,7.62,1209,0.9002233804914371,158.66141732283464
B156,2026-01-22,LDPE,Shredder 1,680,4.56,605,0.8897058823529411,132.67543859649123
B157,2026-01-01,HDPE,Shredder 1,1474,7.63,1400,0.9497964721845319,183.4862385321101
B158,2026-06-06,Mixed,Pelletizer 1,1175,9.07,870,0.7404255319148936,95.92061742006615
B159,2026-10-02,HDPE,Pelletizer 1,987,4.96,918,0.9300911854103343,185.08064516129033
B160,2026-06-18,Mixed,Washer 1,918,6.99,753,0.8202614379084967,107.72532188841201
B161,2026-11-16,PET,Shredder 1,999,4.94,959,0.95995995995996,194.12955465587044
B162,2026-10-13,LDPE,Shredder 1,791,4.99,680,0.8596713021491783,136.27254509018036
B163,2026-05-15,PP,Sorter 1,783,4.88,713,0.9106002554278416,146.10655737704917
B164,2026-12-13,HDPE,Pelletizer 1,1204,6.3,1084,0.9003322259136213,172.06349206349208
B165,2026-02-15,PP,Shredder 2,1023,5.4,910,0.8895405669599218,168.5185185185185
B166,2026-03-21,Mixed,Shredder 1,1321,10.03,1030,0.7797123391370174,102.69192422731805
B167,2026-08-23,PP,Sorter 1,1472,8.16,1325,0.9001358695652174,162.37745098039215
B168,2026-01-07,PP,Shredder 2,1379,7.89,1214,0.8803480783176215,153.86565272496833
B169,2026-12-18,HDPE,Pelletizer 1,570,3.48,519,0.9105263157894737,149.13793103448276
B170,2026-08-11,Mixed,Shredder 1,738,6.03,539,0.7303523035230353,89.38640132669983
B171,2026-06-25,HDPE,Washer 1,717,4.17,652,0.9093444909344491,156.3549160671463
B172,2026-01-17,LDPE,Sorter 1,575,4.01,518,0.9008695652173913,129.1770573566085
B173,2026-12-07,PET,Shredder 1,1369,6.98,1232,0.8999269539810081,176.50429799426934
B174,2026-07-04,Mixed,Washer 1,1018,7.65,753,0.7396856581532416,98.4313725490196
B175,2026-04-27,Mixed,Shredder 2,591,4.26,485,0.8206429780033841,113.84976525821597
B176,2026-10-13,HDPE,Sorter 1,1148,5.76,1010,0.8797909407665505,175.34722222222223
B177,2026-09-06,HDPE,Pelletizer 1,1047,5.71,963,0.9197707736389685,168.65148861646236
B178,2026-04-18,HDPE,Sorter 1,1266,6.43,1127,0.8902053712480252,175.27216174183516
B179,2026-08-26,PP,Washer 1,1261,6.91,1185,0.9397303727200634,171.49059334298119
B180,2026-08-28,Mixed,Sorter 1,1060,7.79,816,0.769811320754717,104.74967907573813
B181,2026-11-16,HDPE,Sorter 1,918,5.23,845,0.920479302832244,161.56787762906308
B182,2026-05-14,LDPE,Sorter 1,1186,7.03,996,0.8397976391231029,141.67852062588904
B183,2026-11-10,PET,Pelletizer 1,516,2.37,495,0.9593023255813954,208.86075949367088
B184,2026-03-20,LDPE,Pelletizer 1,575,4.12,500,0.8695652173913043,121.35922330097087
B185,2026-01-07,LDPE,Shredder 2,859,5.31,747,0.869615832363213,140.67796610169492
B186,2026-12-29,PET,Shredder 1,772,3.68,741,0.9598445595854922,201.3586956521739
B187,2026-12-15,Mixed,Pelletizer 1,840,6.75,714,0.85,105.77777777777777
B188,2026-01-25,PP,Shredder 1,672,3.82,612,0.9107142857142857,160.20942408376965
B189,2026-04-20,PP,Shredder 1,643,4.05,592,0.9206842923794712,146.17283950617283
B190,2026-06-13,HDPE,Shredder 1,1048,5.67,943,0.8998091603053435,166.31393298059965
B191,2026-08-18,PET,Washer 1,1345,6.14,1224,0.9100371747211896,199.3485342019544
B192,2026-04-01,Mixed,Pelletizer 1,545,4.6,425,0.7798165137614679,92.3913043478261
B193,2026-10-09,PET,Shredder 1,988,4.86,948,0.9595141700404858,195.06172839506172
B194,2026-12-02,Mixed,Sorter 1,1240,9.36,918,0.7403225806451613,98.07692307692308
B195,2026-11-25,HDPE,Shredder 2,612,3.86,557,0.9101307189542484,144.30051813471502
B196,2026-07-03,PET,Pelletizer 1,766,3.66,705,0.9203655352480418,192.62295081967213
B197,2026-06-28,LDPE,Shredder 2,1043,6.89,907,0.8696069031639502,131.6400580551524
B198,2026-01-12,Mixed,Shredder 1,890,6.97,721,0.8101123595505618,103.44332855093258
B199,2026-04-03,PET,Shredder 1,726,3.58,697,0.9600550964187328,194.6927374301676
B200,2026-09-30,HDPE,Shredder 2,1417,7.51,1332,0.940014114326041,177.36351531291612
