Quality_ID,Batch_ID,Material,Contamination_Percent,Rejected_Kilograms,Quality_Status
Q001,B001,Mixed,0.074,181,Fail
Q002,B002,PET,0.038,58,Pass
Q003,B003,LDPE,0.047,203,Pass
Q004,B004,PET,0.049,93,Pass
Q005,B005,LDPE,0.046,132,Pass
Q006,B006,PET,0.028,25,Pass
Q007,B007,PET,0.068,65,Pass
Q008,B008,HDPE,0.042,114,Pass
Q009,B009,PP,0.127,144,Fail
Q010,B010,Mixed,0.07,194,Pass
Q011,B011,PP,0.084,144,Fail
Q012,B012,Mixed,0.039,225,Pass
Q013,B013,PP,0.047,48,Pass
Q014,B014,Mixed,0.037,128,Pass
Q015,B015,PET,0.045,43,Pass
Q016,B016,PP,0.126,101,Fail
Q017,B017,LDPE,0.018,168,Pass
Q018,B018,Mixed,0.063,266,Pass
Q019,B019,Mixed,0.047,280,Pass
Q020,B020,HDPE,0.103,153,Fail
Q021,B021,LDPE,0.03,74,Pass
Q022,B022,LDPE,0.043,41,Pass
Q023,B023,LDPE,0.049,127,Pass
Q024,B024,HDPE,0.044,82,Pass
Q025,B025,Mixed,0.026,99,Pass
Q026,B026,Mixed,0.03,203,Pass
Q027,B027,PP,0.02,99,Pass
Q028,B028,LDPE,0.049,78,Pass
Q029,B029,PET,0.043,117,Pass
Q030,B030,PP,0.028,48,Pass
Q031,B031,PET,0.063,59,Pass
Q032,B032,PET,0.074,57,Fail
Q033,B033,HDPE,0.033,70,Pass
Q034,B034,Mixed,0.022,222,Pass
Q035,B035,LDPE,0.053,109,Pass
Q036,B036,PET,0.106,30,Fail
Q037,B037,PP,0.029,56,Pass
Q038,B038,Mixed,0.041,233,Pass
Q039,B039,PP,0.099,101,Fail
Q040,B040,PP,0.054,63,Pass
Q041,B041,PP,0.07,50,Pass
Q042,B042,PET,0.038,56,Pass
Q043,B043,PET,0.02,70,Pass
Q044,B044,Mixed,0.042,105,Pass
Q045,B045,PP,0.016,60,Pass
Q046,B046,PP,0.033,117,Pass
Q047,B047,LDPE,0.143,79,Fail
Q048,B048,HDPE,0.074,93,Fail
Q049,B049,PP,0.037,69,Pass
Q050,B050,LDPE,0.044,52,Pass
Q051,B051,Mixed,0.068,237,Pass
Q052,B052,LDPE,0.117,141,Fail
Q053,B053,HDPE,0.054,77,Pass
Q054,B054,HDPE,0.033,61,Pass
Q055,B055,LDPE,0.058,98,Pass
Q056,B056,Mixed,0.078,384,Fail
Q057,B057,PP,0.139,105,Fail
Q058,B058,PET,0.05,72,Pass
Q059,B059,PP,0.046,146,Pass
Q060,B060,PP,0.014,66,Pass
Q061,B061,HDPE,0.023,89,Pass
Q062,B062,Mixed,0.029,222,Pass
Q063,B063,HDPE,0.07,50,Pass
Q064,B064,Mixed,0.078,259,Fail
Q065,B065,LDPE,0.037,119,Pass
Q066,B066,LDPE,0.037,123,Pass
Q067,B067,PP,0.072,80,Fail
Q068,B068,PP,0.024,133,Pass
Q069,B069,PP,0.062,66,Pass
Q070,B070,Mixed,0.102,203,Fail
Q071,B071,Mixed,0.059,191,Pass
Q072,B072,HDPE,0.022,98,Pass
Q073,B073,LDPE,0.054,118,Pass
Q074,B074,HDPE,0.03,63,Pass
Q075,B075,PET,0.03,112,Pass
Q076,B076,Mixed,0.024,103,Pass
Q077,B077,PP,0.033,136,Pass
Q078,B078,PET,0.045,80,Pass
Q079,B079,LDPE,0.026,157,Pass
Q080,B080,LDPE,0.05,167,Pass
Q081,B081,LDPE,0.059,54,Pass
Q082,B082,LDPE,0.022,84,Pass
Q083,B083,LDPE,0.018,69,Pass
Q084,B084,PET,0.042,22,Pass
Q085,B085,Mixed,0.047,113,Pass
Q086,B086,LDPE,0.051,147,Pass
Q087,B087,LDPE,0.016,124,Pass
Q088,B088,HDPE,0.057,52,Pass
Q089,B089,HDPE,0.04,68,Pass
Q090,B090,Mixed,0.048,208,Pass
Q091,B091,HDPE,0.055,53,Pass
Q092,B092,PET,0.043,49,Pass
Q093,B093,LDPE,0.034,137,Pass
Q094,B094,PP,0.091,149,Fail
Q095,B095,HDPE,0.032,105,Pass
Q096,B096,PP,0.062,79,Pass
Q097,B097,HDPE,0.059,58,Pass
Q098,B098,HDPE,0.027,41,Pass
Q099,B099,PET,0.061,83,Pass
Q100,B100,PP,0.037,118,Pass
Q101,B101,Mixed,0.09,194,Fail
Q102,B102,PET,0.046,74,Pass
Q103,B103,PP,0.044,63,Pass
Q104,B104,HDPE,0.147,82,Fail
Q105,B105,HDPE,0.076,118,Fail
Q106,B106,LDPE,0.039,62,Pass
Q107,B107,HDPE,0.083,63,Fail
Q108,B108,LDPE,0.12,44,Fail
Q109,B109,HDPE,0.044,77,Pass
Q110,B110,PET,0.042,57,Pass
Q111,B111,PP,0.064,121,Pass
Q112,B112,LDPE,0.064,220,Pass
Q113,B113,PP,0.038,59,Pass
Q114,B114,PET,0.109,100,Fail
Q115,B115,LDPE,0.043,133,Pass
Q116,B116,Mixed,0.121,145,Fail
Q117,B117,PP,0.036,43,Pass
Q118,B118,LDPE,0.018,180,Pass
Q119,B119,HDPE,0.076,31,Fail
Q120,B120,HDPE,0.111,61,Fail
Q121,B121,Mixed,0.068,159,Pass
Q122,B122,PET,0.053,91,Pass
Q123,B123,PET,0.017,78,Pass
Q124,B124,PET,0.074,91,Fail
Q125,B125,LDPE,0.018,96,Pass
Q126,B126,LDPE,0.04,147,Pass
Q127,B127,LDPE,0.017,95,Pass
Q128,B128,PET,0.136,137,Fail
Q129,B129,HDPE,0.099,71,Fail
Q130,B130,Mixed,0.042,168,Pass
Q131,B131,HDPE,0.016,74,Pass
Q132,B132,PP,0.048,155,Pass
Q133,B133,PET,0.121,69,Fail
Q134,B134,PET,0.124,30,Fail
Q135,B135,Mixed,0.016,148,Pass
Q136,B136,PET,0.047,31,Pass
Q137,B137,PP,0.107,120,Fail
Q138,B138,Mixed,0.02,211,Pass
Q139,B139,PP,0.04,46,Pass
Q140,B140,Mixed,0.024,297,Pass
Q141,B141,HDPE,0.053,52,Pass
Q142,B142,Mixed,0.075,217,Fail
Q143,B143,LDPE,0.048,118,Pass
Q144,B144,HDPE,0.063,41,Pass
Q145,B145,PP,0.139,92,Fail
Q146,B146,PP,0.02,66,Pass
Q147,B147,PET,0.06,23,Pass
Q148,B148,LDPE,0.024,160,Pass
Q149,B149,HDPE,0.01,135,Pass
Q150,B150,LDPE,0.054,71,Pass
Q151,B151,Mixed,0.048,130,Pass
Q152,B152,Mixed,0.056,256,Pass
Q153,B153,PET,0.042,58,Pass
Q154,B154,LDPE,0.105,45,Fail
Q155,B155,PP,0.055,134,Pass
Q156,B156,LDPE,0.038,75,Pass
Q157,B157,HDPE,0.041,74,Pass
Q158,B158,Mixed,0.064,305,Pass
Q159,B159,HDPE,0.041,69,Pass
Q160,B160,Mixed,0.116,165,Fail
Q161,B161,PET,0.016,40,Pass
Q162,B162,LDPE,0.04,111,Pass
Q163,B163,PP,0.149,70,Fail
Q164,B164,HDPE,0.084,120,Fail
Q165,B165,PP,0.056,113,Pass
Q166,B166,Mixed,0.026,291,Pass
Q167,B167,PP,0.029,147,Pass
Q168,B168,PP,0.024,165,Pass
Q169,B169,HDPE,0.056,51,Pass
Q170,B170,Mixed,0.054,199,Pass
Q171,B171,HDPE,0.028,65,Pass
Q172,B172,LDPE,0.038,57,Pass
Q173,B173,PET,0.041,137,Pass
Q174,B174,Mixed,0.055,265,Pass
Q175,B175,Mixed,0.013,106,Pass
Q176,B176,HDPE,0.021,138,Pass
Q177,B177,HDPE,0.034,84,Pass
Q178,B178,HDPE,0.053,139,Pass
Q179,B179,PP,0.037,76,Pass
Q180,B180,Mixed,0.027,244,Pass
Q181,B181,HDPE,0.088,73,Fail
Q182,B182,LDPE,0.069,190,Pass
Q183,B183,PET,0.048,21,Pass
Q184,B184,LDPE,0.049,75,Pass
Q185,B185,LDPE,0.08,112,Fail
Q186,B186,PET,0.059,31,Pass
Q187,B187,Mixed,0.068,126,Pass
Q188,B188,PP,0.136,60,Fail
Q189,B189,PP,0.07,51,Pass
Q190,B190,HDPE,0.032,105,Pass
Q191,B191,PET,0.022,121,Pass
Q192,B192,Mixed,0.037,120,Pass
Q193,B193,PET,0.061,40,Pass
Q194,B194,Mixed,0.027,322,Pass
Q195,B195,HDPE,0.058,55,Pass
Q196,B196,PET,0.038,61,Pass
Q197,B197,LDPE,0.019,136,Pass
Q198,B198,Mixed,0.024,169,Pass
Q199,B199,PET,0.026,29,Pass
Q200,B200,HDPE,0.03,85,Pass
